<?xml version="1.0" encoding="UTF-8"?>
<!-- IMPORTANT: This is an internal file that has been generated
     by the Xilinx ISE software.  Any direct editing or
     changes made to this file may result in unpredictable
     behavior or data corruption.  It is strongly advised that
     users do not edit the contents of this file. -->
<DeviceUsageSummary rev="4">
<DesignStatistics TimeStamp="Sat Apr 14 11:30:44 2018"><group name="NetStatistics">
<item name="NumNets_Active" rev="4">
<attrib name="value" value="106"/></item>
<item name="NumNets_Gnd" rev="4">
<attrib name="value" value="1"/></item>
<item name="NumNets_Vcc" rev="4">
<attrib name="value" value="1"/></item>
<item name="NumNodesOfType_Active_CLKPIN" rev="4">
<attrib name="value" value="21"/></item>
<item name="NumNodesOfType_Active_CNTRLPIN" rev="4">
<attrib name="value" value="6"/></item>
<item name="NumNodesOfType_Active_DOUBLE" rev="4">
<attrib name="value" value="82"/></item>
<item name="NumNodesOfType_Active_DUMMY" rev="4">
<attrib name="value" value="155"/></item>
<item name="NumNodesOfType_Active_DUMMYESC" rev="4">
<attrib name="value" value="3"/></item>
<item name="NumNodesOfType_Active_GLOBAL" rev="4">
<attrib name="value" value="6"/></item>
<item name="NumNodesOfType_Active_INPUT" rev="4">
<attrib name="value" value="190"/></item>
<item name="NumNodesOfType_Active_IOBOUTPUT" rev="4">
<attrib name="value" value="3"/></item>
<item name="NumNodesOfType_Active_OMUX" rev="4">
<attrib name="value" value="76"/></item>
<item name="NumNodesOfType_Active_OUTPUT" rev="4">
<attrib name="value" value="83"/></item>
<item name="NumNodesOfType_Active_PREBXBY" rev="4">
<attrib name="value" value="22"/></item>
<item name="NumNodesOfType_Active_VFULLHEX" rev="4">
<attrib name="value" value="10"/></item>
<item name="NumNodesOfType_Active_VLONG" rev="4">
<attrib name="value" value="1"/></item>
<item name="NumNodesOfType_Active_VUNIHEX" rev="4">
<attrib name="value" value="8"/></item>
<item name="NumNodesOfType_Gnd_INPUT" rev="4">
<attrib name="value" value="1"/></item>
<item name="NumNodesOfType_Gnd_OMUX" rev="4">
<attrib name="value" value="1"/></item>
<item name="NumNodesOfType_Gnd_OUTPUT" rev="4">
<attrib name="value" value="1"/></item>
<item name="NumNodesOfType_Gnd_PREBXBY" rev="4">
<attrib name="value" value="2"/></item>
</group>
<group name="SiteStatistics">
<item name="IBUF-DIFFMI" rev="4">
<attrib name="value" value="1"/></item>
<item name="IOB-DIFFM" rev="4">
<attrib name="value" value="10"/></item>
<item name="IOB-DIFFS" rev="4">
<attrib name="value" value="7"/></item>
<item name="SLICEL-SLICEM" rev="4">
<attrib name="value" value="11"/></item>
</group>
<group name="MiscellaneousStatistics">
<item name="AGG_BONDED_IO" rev="3">
<attrib name="value" value="20"/></item>
<item name="AGG_IO" rev="3">
<attrib name="value" value="20"/></item>
<item name="AGG_SLICE" rev="3">
<attrib name="value" value="37"/></item>
<item name="NUM_4_INPUT_LUT" rev="3">
<attrib name="value" value="64"/></item>
<item name="NUM_BONDED_IBUF" rev="3">
<attrib name="value" value="3"/></item>
<item name="NUM_BONDED_IOB" rev="3">
<attrib name="value" value="17"/></item>
<item name="NUM_BUFGMUX" rev="3">
<attrib name="value" value="1"/></item>
<item name="NUM_CYMUX" rev="3">
<attrib name="value" value="24"/></item>
<item name="NUM_LUT_RT" rev="3">
<attrib name="value" value="24"/></item>
<item name="NUM_SLICEL" rev="3">
<attrib name="value" value="37"/></item>
<item name="NUM_SLICE_FF" rev="3">
<attrib name="value" value="36"/></item>
<item name="NUM_XOR" rev="3">
<attrib name="value" value="25"/></item>
</group>
</DesignStatistics>
<DeviceUsage TimeStamp="Sat Apr 14 11:30:44 2018"><group name="SiteSummary">
<item name="BUFGMUX" rev="4">
<attrib name="total" value="1000000"/><attrib name="used" value="1"/></item>
<item name="BUFGMUX_GCLKMUX" rev="4">
<attrib name="total" value="1000000"/><attrib name="used" value="1"/></item>
<item name="BUFGMUX_GCLK_BUFFER" rev="4">
<attrib name="total" value="1000000"/><attrib name="used" value="1"/></item>
<item name="IBUF" rev="4">
<attrib name="total" value="1000000"/><attrib name="used" value="3"/></item>
<item name="IBUF_INBUF" rev="4">
<attrib name="total" value="1000000"/><attrib name="used" value="3"/></item>
<item name="IBUF_PAD" rev="4">
<attrib name="total" value="1000000"/><attrib name="used" value="3"/></item>
<item name="IOB" rev="4">
<attrib name="total" value="1000000"/><attrib name="used" value="17"/></item>
<item name="IOB_OUTBUF" rev="4">
<attrib name="total" value="1000000"/><attrib name="used" value="17"/></item>
<item name="IOB_PAD" rev="4">
<attrib name="total" value="1000000"/><attrib name="used" value="17"/></item>
<item name="SLICEL" rev="4">
<attrib name="total" value="1000000"/><attrib name="used" value="37"/></item>
<item name="SLICEL_C1VDD" rev="4">
<attrib name="total" value="1000000"/><attrib name="used" value="1"/></item>
<item name="SLICEL_CYMUXF" rev="4">
<attrib name="total" value="1000000"/><attrib name="used" value="12"/></item>
<item name="SLICEL_CYMUXG" rev="4">
<attrib name="total" value="1000000"/><attrib name="used" value="12"/></item>
<item name="SLICEL_F" rev="4">
<attrib name="total" value="1000000"/><attrib name="used" value="32"/></item>
<item name="SLICEL_FFX" rev="4">
<attrib name="total" value="1000000"/><attrib name="used" value="16"/></item>
<item name="SLICEL_FFY" rev="4">
<attrib name="total" value="1000000"/><attrib name="used" value="20"/></item>
<item name="SLICEL_G" rev="4">
<attrib name="total" value="1000000"/><attrib name="used" value="32"/></item>
<item name="SLICEL_GNDF" rev="4">
<attrib name="total" value="1000000"/><attrib name="used" value="11"/></item>
<item name="SLICEL_GNDG" rev="4">
<attrib name="total" value="1000000"/><attrib name="used" value="12"/></item>
<item name="SLICEL_XORF" rev="4">
<attrib name="total" value="1000000"/><attrib name="used" value="13"/></item>
<item name="SLICEL_XORG" rev="4">
<attrib name="total" value="1000000"/><attrib name="used" value="12"/></item>
</group>
</DeviceUsage>
<ReportConfigData TimeStamp="Sat Apr 14 11:30:44 2018"><group name="SLICEL_CYMUXF">
<item name="0" rev="4">
<attrib name="0" value="12"/><attrib name="0_INV" value="0"/></item>
<item name="1" rev="4">
<attrib name="1_INV" value="0"/><attrib name="1" value="12"/></item>
</group>
<group name="SLICEL_CYMUXG">
<item name="0" rev="4">
<attrib name="0" value="12"/><attrib name="0_INV" value="0"/></item>
</group>
<group name="IBUF_PAD">
<item name="IOATTRBOX" rev="4">
<attrib name="LVCMOS25" value="3"/></item>
</group>
<group name="SLICEL">
<item name="BX" rev="4">
<attrib name="BX_INV" value="0"/><attrib name="BX" value="3"/></item>
<item name="BY" rev="4">
<attrib name="BY" value="2"/><attrib name="BY_INV" value="2"/></item>
<item name="CIN" rev="4">
<attrib name="CIN_INV" value="0"/><attrib name="CIN" value="12"/></item>
<item name="CLK" rev="4">
<attrib name="CLK" value="21"/><attrib name="CLK_INV" value="0"/></item>
<item name="SR" rev="4">
<attrib name="SR" value="6"/><attrib name="SR_INV" value="0"/></item>
</group>
<group name="IOB_OUTBUF">
<item name="IN" rev="4">
<attrib name="IN_INV" value="0"/><attrib name="IN" value="17"/></item>
</group>
<group name="SLICEL_FFX">
<item name="CK" rev="4">
<attrib name="CK" value="16"/><attrib name="CK_INV" value="0"/></item>
<item name="D" rev="4">
<attrib name="D" value="16"/><attrib name="D_INV" value="0"/></item>
<item name="FFX_INIT_ATTR" rev="4">
<attrib name="INIT0" value="14"/><attrib name="INIT1" value="2"/></item>
<item name="FFX_SR_ATTR" rev="4">
<attrib name="SRLOW" value="16"/></item>
<item name="LATCH_OR_FF" rev="4">
<attrib name="FF" value="16"/></item>
<item name="SR" rev="4">
<attrib name="SR" value="1"/><attrib name="SR_INV" value="0"/></item>
<item name="SYNC_ATTR" rev="4">
<attrib name="ASYNC" value="16"/></item>
</group>
<group name="SLICEL_XORF">
<item name="1" rev="4">
<attrib name="1_INV" value="0"/><attrib name="1" value="13"/></item>
</group>
<group name="SLICEL_FFY">
<item name="CK" rev="4">
<attrib name="CK" value="20"/><attrib name="CK_INV" value="0"/></item>
<item name="D" rev="4">
<attrib name="D" value="18"/><attrib name="D_INV" value="2"/></item>
<item name="FFY_INIT_ATTR" rev="4">
<attrib name="INIT0" value="19"/><attrib name="INIT1" value="1"/></item>
<item name="FFY_SR_ATTR" rev="4">
<attrib name="SRLOW" value="20"/></item>
<item name="LATCH_OR_FF" rev="4">
<attrib name="FF" value="20"/></item>
<item name="SR" rev="4">
<attrib name="SR" value="6"/><attrib name="SR_INV" value="0"/></item>
<item name="SYNC_ATTR" rev="4">
<attrib name="ASYNC" value="20"/></item>
</group>
<group name="BUFGMUX_GCLKMUX">
<item name="DISABLE_ATTR" rev="4">
<attrib name="LOW" value="1"/></item>
<item name="S" rev="4">
<attrib name="S_INV" value="1"/><attrib name="S" value="0"/></item>
</group>
<group name="IOB_PAD">
<item name="DRIVEATTRBOX" rev="4">
<attrib name="12" value="17"/></item>
<item name="IOATTRBOX" rev="4">
<attrib name="LVCMOS25" value="17"/></item>
<item name="SLEW" rev="4">
<attrib name="SLOW" value="17"/></item>
</group>
<group name="IOB">
<item name="O1" rev="4">
<attrib name="O1_INV" value="0"/><attrib name="O1" value="17"/></item>
</group>
<group name="BUFGMUX">
<item name="S" rev="4">
<attrib name="S_INV" value="1"/><attrib name="S" value="0"/></item>
</group>
</ReportConfigData>
<ReportPinData TimeStamp="Sat Apr 14 11:30:44 2018"><group name="SLICEL_CYMUXF">
<item name="0" rev="4">
<attrib name="value" value="12"/></item>
<item name="1" rev="4">
<attrib name="value" value="12"/></item>
<item name="OUT" rev="4">
<attrib name="value" value="12"/></item>
<item name="S0" rev="4">
<attrib name="value" value="12"/></item>
</group>
<group name="SLICEL_CYMUXG">
<item name="0" rev="4">
<attrib name="value" value="12"/></item>
<item name="1" rev="4">
<attrib name="value" value="12"/></item>
<item name="OUT" rev="4">
<attrib name="value" value="12"/></item>
<item name="S0" rev="4">
<attrib name="value" value="12"/></item>
</group>
<group name="IBUF_PAD">
<item name="PAD" rev="4">
<attrib name="value" value="3"/></item>
</group>
<group name="IBUF_INBUF">
<item name="IN" rev="4">
<attrib name="value" value="3"/></item>
<item name="OUT" rev="4">
<attrib name="value" value="3"/></item>
</group>
<group name="BUFGMUX_GCLK_BUFFER">
<item name="IN" rev="4">
<attrib name="value" value="1"/></item>
<item name="OUT" rev="4">
<attrib name="value" value="1"/></item>
</group>
<group name="SLICEL">
<item name="BX" rev="4">
<attrib name="value" value="3"/></item>
<item name="BY" rev="4">
<attrib name="value" value="4"/></item>
<item name="CIN" rev="4">
<attrib name="value" value="12"/></item>
<item name="CLK" rev="4">
<attrib name="value" value="21"/></item>
<item name="COUT" rev="4">
<attrib name="value" value="12"/></item>
<item name="F1" rev="4">
<attrib name="value" value="32"/></item>
<item name="F2" rev="4">
<attrib name="value" value="19"/></item>
<item name="F3" rev="4">
<attrib name="value" value="18"/></item>
<item name="F4" rev="4">
<attrib name="value" value="9"/></item>
<item name="G1" rev="4">
<attrib name="value" value="32"/></item>
<item name="G2" rev="4">
<attrib name="value" value="20"/></item>
<item name="G3" rev="4">
<attrib name="value" value="17"/></item>
<item name="G4" rev="4">
<attrib name="value" value="7"/></item>
<item name="SR" rev="4">
<attrib name="value" value="6"/></item>
<item name="X" rev="4">
<attrib name="value" value="18"/></item>
<item name="XQ" rev="4">
<attrib name="value" value="16"/></item>
<item name="Y" rev="4">
<attrib name="value" value="16"/></item>
<item name="YQ" rev="4">
<attrib name="value" value="20"/></item>
</group>
<group name="IOB_OUTBUF">
<item name="IN" rev="4">
<attrib name="value" value="17"/></item>
<item name="OUT" rev="4">
<attrib name="value" value="17"/></item>
</group>
<group name="IBUF">
<item name="I" rev="4">
<attrib name="value" value="3"/></item>
<item name="PAD" rev="4">
<attrib name="value" value="3"/></item>
</group>
<group name="SLICEL_FFX">
<item name="CK" rev="4">
<attrib name="value" value="16"/></item>
<item name="D" rev="4">
<attrib name="value" value="16"/></item>
<item name="Q" rev="4">
<attrib name="value" value="16"/></item>
<item name="SR" rev="4">
<attrib name="value" value="1"/></item>
</group>
<group name="SLICEL_XORF">
<item name="0" rev="4">
<attrib name="value" value="13"/></item>
<item name="1" rev="4">
<attrib name="value" value="13"/></item>
<item name="O" rev="4">
<attrib name="value" value="13"/></item>
</group>
<group name="SLICEL_FFY">
<item name="CK" rev="4">
<attrib name="value" value="20"/></item>
<item name="D" rev="4">
<attrib name="value" value="20"/></item>
<item name="Q" rev="4">
<attrib name="value" value="20"/></item>
<item name="SR" rev="4">
<attrib name="value" value="6"/></item>
</group>
<group name="SLICEL_XORG">
<item name="0" rev="4">
<attrib name="value" value="12"/></item>
<item name="1" rev="4">
<attrib name="value" value="12"/></item>
<item name="O" rev="4">
<attrib name="value" value="12"/></item>
</group>
<group name="BUFGMUX_GCLKMUX">
<item name="I0" rev="4">
<attrib name="value" value="1"/></item>
<item name="OUT" rev="4">
<attrib name="value" value="1"/></item>
<item name="S" rev="4">
<attrib name="value" value="1"/></item>
</group>
<group name="IOB_PAD">
<item name="PAD" rev="4">
<attrib name="value" value="17"/></item>
</group>
<group name="IOB">
<item name="O1" rev="4">
<attrib name="value" value="17"/></item>
<item name="PAD" rev="4">
<attrib name="value" value="17"/></item>
</group>
<group name="SLICEL_C1VDD">
<item name="1" rev="4">
<attrib name="value" value="1"/></item>
</group>
<group name="BUFGMUX">
<item name="I0" rev="4">
<attrib name="value" value="1"/></item>
<item name="O" rev="4">
<attrib name="value" value="1"/></item>
<item name="S" rev="4">
<attrib name="value" value="1"/></item>
</group>
<group name="SLICEL_F">
<item name="A1" rev="4">
<attrib name="value" value="32"/></item>
<item name="A2" rev="4">
<attrib name="value" value="19"/></item>
<item name="A3" rev="4">
<attrib name="value" value="18"/></item>
<item name="A4" rev="4">
<attrib name="value" value="9"/></item>
<item name="D" rev="4">
<attrib name="value" value="32"/></item>
</group>
<group name="SLICEL_G">
<item name="A1" rev="4">
<attrib name="value" value="32"/></item>
<item name="A2" rev="4">
<attrib name="value" value="20"/></item>
<item name="A3" rev="4">
<attrib name="value" value="17"/></item>
<item name="A4" rev="4">
<attrib name="value" value="7"/></item>
<item name="D" rev="4">
<attrib name="value" value="32"/></item>
</group>
<group name="SLICEL_GNDF">
<item name="0" rev="4">
<attrib name="value" value="11"/></item>
</group>
<group name="SLICEL_GNDG">
<item name="0" rev="4">
<attrib name="value" value="12"/></item>
</group>
</ReportPinData>
<CmdHistory>
</CmdHistory>
</DeviceUsageSummary>
